blue,green,groupId,received,red,sensorId,time1,time2,white
0.0697795071336,0.0972915236133,0,1478217461288,0.0850537880522,0,42,730,0.268848706798
0.122270542458,0.189776455329,0,1478217461338,0.167666132601,1,42,732,0.494407568475
0.0999923704891,0.144228274968,0,1478217461338,0.142656595712,2,42,734,0.436163881895
0.0457007705806,0.0639963378347,0,1478217461338,0.0543221179522,3,42,736,0.180483710994
0.122301060502,0.188570992599,0,1478217461338,0.164049744411,4,42,738,0.49903105211
0.141298542763,0.210391393912,0,1478217461338,0.196231021592,5,42,740,0.581719691768
0.0576485847257,0.0878767071031,0,1478217461338,0.0769665064469,6,42,742,0.244464789807
0.0911879148547,0.137254901961,0,1478217461338,0.115632867933,7,42,744,0.333836881056
0.132188906691,0.204119935912,0,1478217461339,0.187182421607,8,42,746,0.556359197375
0.0853131914244,0.123369192035,0,1478217461339,0.119203479057,9,42,748,0.355718318456
0.10402075227,0.129381246662,0,1478217461339,0.111146715496,10,42,750,0.40941481651
0.15921263447,0.242694743267,0,1478217461339,0.229739833677,11,42,752,0.664271000229
0.0697642481117,0.0972915236133,0,1478217461884,0.0850537880522,0,43,331,0.268802929732
0.122240024414,0.189761196307,0,1478217461935,0.167666132601,1,43,333,0.494392309453
0.0999923704891,0.144258793011,0,1478217461936,0.142671854734,2,43,335,0.436209658961
0.0456855115587,0.0639810788128,0,1478217461936,0.0543068589303,3,43,337,0.18045319295
0.12228580148,0.188540474556,0,1478217461936,0.164034485389,4,43,339,0.499015793088
0.141298542763,0.210406652934,0,1478217461936,0.196231021592,5,43,341,0.581765468833
0.0576638437476,0.0878614480812,0,1478217461936,0.0769665064469,6,43,342,0.244449530785
0.0912031738766,0.137270160983,0,1478217461937,0.115632867933,7,43,344,0.333821622034
0.132204165713,0.204150453956,0,1478217461937,0.187228198672,8,43,347,0.556374456397
0.0853131914244,0.123369192035,0,1478217461937,0.119188220035,9,43,349,0.355687800412
0.104005493248,0.129381246662,0,1478217461937,0.111146715496,10,43,351,0.409384298466
0.159227893492,0.242710002289,0,1478217461937,0.229739833677,11,43,353,0.664255741207
0.0697642481117,0.0972915236133,0,1478217462486,0.0850537880522,0,43,932,0.268757152667
0.122209506371,0.189776455329,0,1478217462547,0.167681391623,1,43,934,0.494361791409
0.0999923704891,0.144228274968,0,1478217462547,0.142656595712,2,43,936,0.436224917983
0.0456855115587,0.0639963378347,0,1478217462547,0.0543068589303,3,43,938,0.180483710994
0.122331578546,0.188586251621,0,1478217462547,0.164034485389,4,43,939,0.499137865263
0.141283283742,0.210406652934,0,1478217462548,0.196276798657,5,43,941,0.581872281987
0.0576638437476,0.0878614480812,0,1478217462550,0.0769817654688,6,43,943,0.244464789807
0.0912031738766,0.137270160983,0,1478217462550,0.115648126955,7,43,945,0.33379110399
0.132204165713,0.204119935912,0,1478217462550,0.187197680629,8,43,948,0.556374456397
0.0853131914244,0.123369192035,0,1478217462551,0.119203479057,9,43,950,0.355718318456
0.104005493248,0.12936598764,0,1478217462551,0.111131456474,10,43,951,0.409353780423
0.15921263447,0.242694743267,0,1478217462551,0.229755092699,11,43,953,0.664194705119
0.0697489890898,0.0972610055695,0,1478217463086,0.0850385290303,0,44,532,0.268726634623
0.122240024414,0.189761196307,0,1478217463149,0.167681391623,1,44,534,0.494361791409
0.0999771114672,0.144228274968,0,1478217463149,0.142671854734,2,44,536,0.436179140917
0.0457007705806,0.0639810788128,0,1478217463150,0.0543068589303,3,44,538,0.180468451972
0.122316319524,0.188570992599,0,1478217463150,0.164034485389,4,44,540,0.49903105211
0.14126802472,0.210406652934,0,1478217463150,0.196261539635,5,44,542,0.581795986877
0.0576485847257,0.0878461890593,0,1478217463150,0.076951247425,6,44,544,0.244403753719
0.0912031738766,0.137254901961,0,1478217463150,0.115648126955,7,44,546,0.33379110399
0.132219424735,0.204119935912,0,1478217463151,0.187212939651,8,44,548,0.556435492485
0.0853131914244,0.123353933013,0,1478217463151,0.119188220035,9,44,550,0.355718318456
0.104005493248,0.129381246662,0,1478217463151,0.111116197452,10,44,552,0.409338521401
0.15921263447,0.242694743267,0,1478217463151,0.229739833677,11,44,554,0.664225223163
0.0697642481117,0.0972915236133,0,1478217463686,0.085084306096,0,45,133,0.268757152667
0.122224765393,0.189791714351,0,1478217463738,0.167666132601,1,45,135,0.494300755322
0.100007629511,0.144258793011,0,1478217463738,0.142687113756,2,45,137,0.436255436027
0.0456855115587,0.0639810788128,0,1478217463739,0.0543068589303,3,45,139,0.180483710994
0.122331578546,0.188570992599,0,1478217463739,0.164065003433,4,45,141,0.499046311131
0.141283283742,0.210406652934,0,1478217463739,0.19621576257,5,45,143,0.581795986877
0.0576485847257,0.0878614480812,0,1478217463739,0.0769665064469,6,45,145,0.244419012741
0.0912184328985,0.137254901961,0,1478217463739,0.115663385977,7,45,147,0.333836881056
0.132188906691,0.20410467689,0,1478217463739,0.187197680629,8,45,149,0.556359197375
0.0853131914244,0.123369192035,0,1478217463739,0.119203479057,9,45,151,0.355687800412
0.104005493248,0.129381246662,0,1478217463739,0.111131456474,10,45,153,0.409399557488
0.159197375448,0.242679484245,0,1478217463739,0.229724574655,11,45,155,0.664286259251
0.0697795071336,0.0972915236133,0,1478217464288,0.0850690470741,0,45,734,0.26878767071
0.122255283436,0.189791714351,0,1478217464350,0.167681391623,1,45,736,0.494407568475
0.100007629511,0.144243533989,0,1478217464350,0.142702372778,2,45,738,0.436240177005
0.0456855115587,0.0639810788128,0,1478217464351,0.0543068589303,3,45,740,0.180468451972
0.122331578546,0.188570992599,0,1478217464351,0.164049744411,4,45,741,0.49903105211
0.14126802472,0.210421911955,0,1478217464351,0.196231021592,5,45,743,0.581826504921
0.0576638437476,0.0878767071031,0,1478217464351,0.0769817654688,6,45,745,0.244464789807
0.0912184328985,0.137254901961,0,1478217464351,0.115648126955,7,45,747,0.33379110399
0.132234683757,0.204150453956,0,1478217464351,0.187243457694,8,45,750,0.556481269551
0.0853284504463,0.123384451057,0,1478217464352,0.119188220035,9,45,752,0.355687800412
0.10402075227,0.12936598764,0,1478217464352,0.111146715496,10,45,754,0.409369039445
0.15921263447,0.242679484245,0,1478217464352,0.229709315633,11,45,756,0.664271000229
0.0697642481117,0.0972915236133,0,1478217464888,0.0850690470741,0,46,334,0.26878767071
0.122240024414,0.189791714351,0,1478217464953,0.167681391623,1,46,336,0.494377050431
0.0999923704891,0.144258793011,0,1478217464953,0.142702372778,2,46,338,0.436240177005
0.0456702525368,0.0639963378347,0,1478217464953,0.0543221179522,3,46,340,0.180437933928
0.122316319524,0.188586251621,0,1478217464954,0.164034485389,4,46,342,0.498985275044
0.14126802472,0.210391393912,0,1478217464954,0.196231021592,5,46,344,0.581765468833
0.0576485847257,0.0878614480812,0,1478217464954,0.0769665064469,6,46,346,0.244434271763
0.0912031738766,0.137254901961,0,1478217464954,0.115648126955,7,46,348,0.333775844968
0.132219424735,0.204135194934,0,1478217464954,0.187197680629,8,46,350,0.556420233463
0.0853131914244,0.123353933013,0,1478217464955,0.119188220035,9,46,352,0.35567254139
0.104005493248,0.129381246662,0,1478217464955,0.111146715496,10,46,354,0.409369039445
0.15921263447,0.242694743267,0,1478217464955,0.229739833677,11,46,356,0.664271000229
0.0697947661555,0.0973067826352,0,1478217465489,0.0850690470741,0,46,935,0.268879224842
0.122240024414,0.189776455329,0,1478217465551,0.167666132601,1,46,937,0.494422827497
0.0999923704891,0.144258793011,0,1478217465551,0.142732890822,2,46,939,0.436209658961
0.045639734493,0.0639810788128,0,1478217465552,0.0543373769741,3,46,941,0.180407415885
0.122331578546,0.188586251621,0,1478217465552,0.164049744411,4,46,943,0.498985275044
0.141298542763,0.210421911955,0,1478217465552,0.196231021592,5,46,945,0.581826504921
0.0576485847257,0.0878614480812,0,1478217465552,0.0769665064469,6,46,947,0.244434271763
0.0912031738766,0.137254901961,0,1478217465552,0.115632867933,7,46,949,0.333775844968
0.132219424735,0.204135194934,0,1478217465552,0.187228198672,8,46,951,0.556481269551
0.0853284504463,0.123369192035,0,1478217465552,0.119188220035,9,46,953,0.355733577478
0.103974975204,0.12936598764,0,1478217465553,0.111146715496,10,46,955,0.409323262379
0.15921263447,0.242679484245,0,1478217465553,0.229724574655,11,46,957,0.66436255436
0.0697947661555,0.0973067826352,0,1478217466089,0.0850690470741,0,47,536,0.268818188754
0.122255283436,0.189806973373,0,1478217466149,0.167711909667,1,47,538,0.494499122606
0.0999923704891,0.144213015946,0,1478217466149,0.142702372778,2,47,540,0.436179140917
0.045639734493,0.063965819791,0,1478217466149,0.0543221179522,3,47,542,0.180407415885
0.122301060502,0.188555733577,0,1478217466149,0.164019226368,4,47,544,0.498924238956
0.14126802472,0.210421911955,0,1478217466149,0.196231021592,5,47,546,0.581826504921
0.0576485847257,0.0878767071031,0,1478217466150,0.0769665064469,6,47,547,0.244419012741
0.0912031738766,0.137254901961,0,1478217466150,0.115632867933,7,47,549,0.33379110399
0.132219424735,0.204119935912,0,1478217466150,0.187182421607,8,47,552,0.556404974441
0.0852979324025,0.123323414969,0,1478217466150,0.119157701991,9,47,554,0.355642023346
0.103959716182,0.129350728618,0,1478217466150,0.111116197452,10,47,556,0.409262226291
0.159243152514,0.242648966201,0,1478217466150,0.229755092699,11,47,558,0.664164187076
0.0697795071336,0.0972915236133,0,1478217466690,0.0850690470741,0,48,136,0.268818188754
0.12228580148,0.189776455329,0,1478217466753,0.167666132601,1,48,139,0.494438086519
0.0999923704891,0.144243533989,0,1478217466753,0.1427176318,2,48,140,0.436240177005
0.045639734493,0.0639353017472,0,1478217466753,0.0542915999084,3,48,142,0.180331120775
0.122301060502,0.188555733577,0,1478217466753,0.164019226368,4,48,144,0.498939497978
0.14126802472,0.210421911955,0,1478217466753,0.196200503548,5,48,146,0.581826504921
0.0576485847257,0.0878461890593,0,1478217466753,0.076951247425,6,48,148,0.244388494697
0.0912031738766,0.137239642939,0,1478217466753,0.115632867933,7,48,150,0.333775844968
0.132219424735,0.204135194934,0,1478217466753,0.187197680629,8,48,152,0.556450751507
0.0852979324025,0.123338673991,0,1478217466754,0.119157701991,9,48,154,0.355611505303
0.104005493248,0.129381246662,0,1478217466754,0.111131456474,10,48,156,0.409323262379
0.159227893492,0.242694743267,0,1478217466754,0.229724574655,11,48,158,0.664179446098
0.0697795071336,0.0972915236133,0,1478217467299,0.0850690470741,0,48,737,0.268802929732
0.122240024414,0.189776455329,0,1478217467362,0.167605096513,1,48,739,0.494331273365
0.100007629511,0.144243533989,0,1478217467363,0.142687113756,2,48,741,0.436209658961
0.0456549935149,0.0639505607691,0,1478217467363,0.0543068589303,3,48,743,0.180437933928
0.122331578546,0.188555733577,0,1478217467363,0.164049744411,4,48,745,0.499015793088
0.14126802472,0.21037613489,0,1478217467363,0.196200503548,5,48,747,0.581795986877
0.0576333257038,0.0878461890593,0,1478217467363,0.076951247425,6,48,749,0.244403753719
0.0912031738766,0.137239642939,0,1478217467363,0.115632867933,7,48,751,0.333806363012
0.132219424735,0.204135194934,0,1478217467364,0.187197680629,8,48,753,0.556466010529
0.0853131914244,0.123369192035,0,1478217467364,0.119172961013,9,48,755,0.355626764324
0.103974975204,0.129350728618,0,1478217467364,0.111116197452,10,48,757,0.409246967269
0.159197375448,0.242679484245,0,1478217467364,0.229709315633,11,48,759,0.664133669032
0.0697642481117,0.0972762645914,0,1478217467892,0.0850537880522,0,49,338,0.268757152667
0.122240024414,0.189776455329,0,1478217467953,0.167605096513,1,49,340,0.494346532387
0.0999923704891,0.144243533989,0,1478217467953,0.142687113756,2,49,342,0.436163881895
0.0456549935149,0.063965819791,0,1478217467953,0.0543068589303,3,49,344,0.180422674907
0.122331578546,0.188570992599,0,1478217467953,0.164049744411,4,49,346,0.498985275044
0.141252765698,0.21037613489,0,1478217467953,0.196200503548,5,49,348,0.581780727855
0.0576485847257,0.0878461890593,0,1478217467954,0.076951247425,6,49,350,0.244388494697
0.0911879148547,0.137239642939,0,1478217467954,0.115617608911,7,49,352,0.333760585946
0.132204165713,0.204119935912,0,1478217467954,0.187151903563,8,49,354,0.556450751507
0.0852979324025,0.123338673991,0,1478217467954,0.119157701991,9,49,356,0.355596246281
0.103974975204,0.129350728618,0,1478217467954,0.111116197452,10,49,358,0.409262226291
0.15921263447,0.242740520333,0,1478217467954,0.229709315633,11,49,360,0.664087891966
0.0697795071336,0.0972762645914,0,1478217468492,0.0850537880522,0,49,939,0.268818188754
0.122255283436,0.189791714351,0,1478217468552,0.167635614557,1,49,941,0.494377050431
0.0999618524453,0.144182497902,0,1478217468552,0.142656595712,2,49,942,0.43604180972
0.045639734493,0.0639505607691,0,1478217468552,0.0542915999084,3,49,944,0.180376897841
0.122331578546,0.188586251621,0,1478217468552,0.164034485389,4,49,946,0.498970016022
0.141283283742,0.21037613489,0,1478217468552,0.196200503548,5,49,948,0.58173495079
0.0576485847257,0.0878614480812,0,1478217468552,0.076951247425,6,49,950,0.244388494697
0.0912031738766,0.137224383917,0,1478217468552,0.115617608911,7,49,952,0.333745326925
0.132219424735,0.204135194934,0,1478217468552,0.187182421607,8,49,955,0.556481269551
0.0852979324025,0.123323414969,0,1478217468552,0.119157701991,9,49,957,0.355596246281
0.103959716182,0.129320210575,0,1478217468553,0.11110093843,10,49,959,0.409140154116
0.15921263447,0.242694743267,0,1478217468553,0.229694056611,11,49,961,0.664194705119
0.0697489890898,0.0972610055695,0,1478217469093,0.0850385290303,0,50,539,0.268696116579
0.122209506371,0.189715419242,0,1478217469149,0.167605096513,1,50,541,0.494224460212
0.099855039292,0.144045166705,0,1478217469149,0.142549782559,2,50,543,0.435629816129
0.0456092164492,0.0639047837034,0,1478217469149,0.0542458228428,3,50,545,0.180254825666
0.122270542458,0.18849469749,0,1478217469150,0.164003967346,4,50,547,0.498893720912
0.141252765698,0.210345616846,0,1478217469150,0.19621576257,5,50,549,0.581704432746
0.05760280766,0.0878156710155,0,1478217469150,0.0769054703593,6,50,551,0.244190127413
0.091142137789,0.137163347829,0,1478217469150,0.115556572824,7,50,553,0.333562218662
0.132188906691,0.204074158846,0,1478217469150,0.187151903563,8,50,555,0.556389715419
0.0852979324025,0.123308155947,0,1478217469150,0.119127183948,9,50,557,0.355550469215
0.103776607919,0.129076066224,0,1478217469150,0.110933089189,10,50,559,0.408453498131
0.159166857404,0.242603189136,0,1478217469150,0.229633020523,11,50,561,0.663889524681
0.0697032120241,0.0971847104601,0,1478217469693,0.0849927519646,0,51,140,0.268528267338
0.122072175174,0.189486533913,0,1478217469752,0.167452506294,1,51,142,0.493614099336
0.0997634851606,0.14392309453,0,1478217469752,0.142473487449,2,51,144,0.435309376669
0.0456092164492,0.0638742656596,0,1478217469752,0.0542458228428,3,51,146,0.1802090486
0.122255283436,0.188448920424,0,1478217469752,0.163942931258,4,51,148,0.498786907759
0.141206988632,0.210269321736,0,1478217469752,0.196185244526,5,51,150,0.581475547417
0.0575570305943,0.0877546349279,0,1478217469752,0.0768902113375,6,51,152,0.24408331426
0.0910200656138,0.136980239567,0,1478217469752,0.115434500649,7,51,153,0.333089188983
0.132143129625,0.203982604715,0,1478217469752,0.187136644541,8,51,156,0.556252384222
0.0852521553368,0.123277637903,0,1478217469752,0.119096665904,9,51,158,0.355489433127
0.103303578241,0.128435187304,0,1478217469752,0.110444800488,10,51,160,0.406530861372
0.159136339361,0.242526894026,0,1478217469752,0.22960250248,11,51,162,0.663767452506
0.0697032120241,0.0971541924163,0,1478217470294,0.0849469748989,0,51,741,0.268406195163
0.122011139086,0.189333943694,0,1478217470345,0.167299916075,1,51,743,0.493171587701
0.0997634851606,0.143862058442,0,1478217470345,0.142427710384,2,51,745,0.435233081559
0.0455786984054,0.0638590066377,0,1478217470345,0.0542305638209,3,51,746,0.180163271534
0.122194247349,0.188372625315,0,1478217470345,0.163897154192,4,51,748,0.498649576562
0.141145952544,0.210177767605,0,1478217470345,0.196093690394,5,51,750,0.581185626001
0.0575722896162,0.0877241168841,0,1478217470345,0.0768596932937,6,51,752,0.244052796216
0.0907606622416,0.136659800107,0,1478217470345,0.115175097276,7,51,754,0.332173647669
0.13209735256,0.203921568627,0,1478217470345,0.187090867475,8,51,757,0.555977721828
0.0852521553368,0.12324711986,0,1478217470346,0.119081406882,9,51,758,0.355413138018
0.102967879759,0.127794308385,0,1478217470346,0.109987029831,10,51,760,0.405157549401
0.159075303273,0.242450598917,0,1478217470346,0.229510948348,11,51,762,0.663660639353
0.0696574349584,0.0970778973068,0,1478217470894,0.0848859388113,0,52,341,0.268207827878
0.121904325933,0.189257648585,0,1478217470955,0.167223620966,1,52,343,0.492866407263
0.0996871900511,0.143739986267,0,1478217470955,0.142366674296,2,52,345,0.434943160143
0.0455176623178,0.0637674525063,0,1478217470955,0.054215304799,3,52,347,0.179980163272
0.122178988327,0.188342107271,0,1478217470955,0.163881895171,4,52,349,0.498496986343
0.141115434501,0.210116731518,0,1478217470955,0.196032654307,5,52,351,0.581063553826
0.0575265125505,0.0876783398184,0,1478217470955,0.0768444342718,6,52,353,0.243930724041
0.0905928130007,0.136430914778,0,1478217470955,0.115022507057,7,52,355,0.331593804837
0.132082093538,0.203845273518,0,1478217470955,0.18704509041,8,52,357,0.555840390631
0.085221637293,0.123216601816,0,1478217470955,0.119050888838,9,52,359,0.355260547799
0.102662699321,0.127306019684,0,1478217470955,0.109727626459,10,52,361,0.40442511635
0.159075303273,0.242450598917,0,1478217470955,0.229510948348,11,52,363,0.663660639353
0.069565880827,0.0969710841535,0,1478217471495,0.0848096437018,0,52,942,0.267933165484
0.121766994736,0.1890592813,0,1478217471553,0.167071030747,1,52,944,0.492286564431
0.0996566720073,0.143633173114,0,1478217471553,0.142290379187,2,52,946,0.434699015793
0.0454718852522,0.0637064164187,0,1478217471553,0.0541542687114,3,52,948,0.179827573053
0.122178988327,0.188342107271,0,1478217471554,0.163881895171,4,52,950,0.498496986343
0.141039139391,0.209964141299,0,1478217471554,0.195956359197,5,52,952,0.580758373388
0.057465476463,0.0876020447089,0,1478217471554,0.0767833981842,6,52,954,0.243717097734
0.0904707408255,0.136278324559,0,1478217471554,0.114930952926,7,52,956,0.331273365377
0.13202105745,0.203768978408,0,1478217471554,0.186984054322,8,52,958,0.555657282368
0.0852063782712,0.123186083772,0,1478217471554,0.119035629816,9,52,960,0.355199511711
0.102159151598,0.126634622721,0,1478217471554,0.109346150912,10,52,962,0.402548256657
0.159029526207,0.242359044785,0,1478217471554,0.229495689326,11,52,964,0.66347753109
0.0695353627832,0.0969405661097,0,1478217472096,0.0847943846799,0,53,543,0.267841611353
0.121705958648,0.188982986191,0,1478217472146,0.167040512703,1,53,545,0.492057679103
0.0996414129854,0.143678950179,0,1478217472146,0.142275120165,2,53,547,0.434744792859
0.0454566262303,0.0636911573968,0,1478217472146,0.0541542687114,3,53,548,0.179812314031
0.122209506371,0.188342107271,0,1478217472147,0.163897154192,4,53,550,0.498481727321
0.141039139391,0.209964141299,0,1478217472147,0.195971618219,5,53,552,0.580804150454
0.0574502174411,0.087586785687,0,1478217472147,0.0767833981842,6,53,554,0.243701838712
0.0904707408255,0.136263065537,0,1478217472147,0.114930952926,7,53,556,0.331273365377
0.132066834516,0.20378423743,0,1478217472147,0.186999313344,8,53,559,0.555718318456
0.0851758602274,0.12317082475,0,1478217472147,0.119035629816,9,53,561,0.355168993668
0.101884489204,0.126314183261,0,1478217472147,0.109086747539,10,53,562,0.40120546273
0.159014267185,0.242328526741,0,1478217472147,0.229449912261,11,53,564,0.663370717937
0.0695353627832,0.0969558251316,0,1478217472697,0.084779125658,0,54,144,0.267856870375
0.121690699626,0.188967727169,0,1478217472750,0.167025253681,1,54,145,0.491981383993
0.0996566720073,0.143694209201,0,1478217472750,0.142290379187,2,54,147,0.434775310903
0.0454566262303,0.0636911573968,0,1478217472750,0.0541542687114,3,54,149,0.179827573053
0.122194247349,0.188342107271,0,1478217472750,0.163912413214,4,54,151,0.498558022431
0.141054398413,0.209964141299,0,1478217472750,0.195971618219,5,54,153,0.580743114366
0.0574349584192,0.0875562676432,0,1478217472750,0.0767528801404,6,54,155,0.243656061646
0.0904707408255,0.136263065537,0,1478217472751,0.114930952926,7,54,157,0.331273365377
0.13202105745,0.203768978408,0,1478217472751,0.1869687953,8,54,159,0.555611505303
0.0851911192493,0.123186083772,0,1478217472751,0.119050888838,9,54,161,0.355214770733
0.101823453117,0.126207370108,0,1478217472751,0.10901045243,10,54,163,0.400869764248
0.158983749142,0.242328526741,0,1478217472751,0.229434653239,11,54,165,0.663370717937
0.0695353627832,0.0969405661097,0,1478217473297,0.084779125658,0,54,744,0.267826352331
0.121690699626,0.188967727169,0,1478217473360,0.167009994659,1,54,746,0.491981383993
0.0996566720073,0.143678950179,0,1478217473360,0.142275120165,2,54,748,0.434805828946
0.0454566262303,0.0636758983749,0,1478217473360,0.0541390096895,3,54,750,0.179751277943
0.122178988327,0.188311589227,0,1478217473360,0.163897154192,4,54,752,0.498481727321
0.141054398413,0.20997940032,0,1478217473360,0.195910582132,5,54,754,0.580758373388
0.0574349584192,0.0875562676432,0,1478217473360,0.0767681391623,6,54,756,0.243656061646
0.0904859998474,0.136278324559,0,1478217473360,0.114930952926,7,54,758,0.331288624399
0.132051575494,0.203768978408,0,1478217473360,0.186984054322,8,54,760,0.555611505303
0.0851911192493,0.123186083772,0,1478217473360,0.119020370794,9,54,762,0.355199511711
0.101792935073,0.126192111086,0,1478217473360,0.109025711452,10,54,764,0.400839246204
0.159014267185,0.242343785763,0,1478217473361,0.229449912261,11,54,766,0.663324940871
0.0695201037613,0.0969253070878,0,1478217473898,0.0847638666361,0,55,345,0.267795834287
0.12164492256,0.188967727169,0,1478217473962,0.167009994659,1,55,347,0.491935606928
0.0996566720073,0.143663691157,0,1478217473962,0.142305638209,2,55,349,0.434805828946
0.0454413672084,0.0636758983749,0,1478217473962,0.0541542687114,3,55,351,0.179766536965
0.122194247349,0.188311589227,0,1478217473963,0.163851377127,4,55,353,0.498435950256
0.141023880369,0.209964141299,0,1478217473963,0.195910582132,5,55,354,0.580743114366
0.0574502174411,0.0875715266651,0,1478217473963,0.0767681391623,6,55,356,0.243671320668
0.0904554818036,0.136247806516,0,1478217473963,0.114915693904,7,55,358,0.33121232929
0.13202105745,0.20378423743,0,1478217473963,0.186999313344,8,55,361,0.555642023346
0.0851758602274,0.12317082475,0,1478217473963,0.119020370794,9,55,363,0.355168993668
0.101762417029,0.126161593042,0,1478217473963,0.10901045243,10,55,365,0.400717174029
0.158999008164,0.242343785763,0,1478217473963,0.229434653239,11,55,367,0.663218127718
0.0695201037613,0.0969405661097,0,1478217474499,0.084779125658,0,55,946,0.267780575265
0.12164492256,0.188921950103,0,1478217474564,0.166948958572,1,55,948,0.491905088884
0.0996261539635,0.143633173114,0,1478217474564,0.142290379187,2,55,949,0.434744792859
0.0454413672084,0.063660639353,0,1478217474564,0.0541542687114,3,55,951,0.179736018921
0.122194247349,0.188296330205,0,1478217474564,0.163866636149,4,55,953,0.498405432212
0.141023880369,0.209948882277,0,1478217474564,0.195925841154,5,55,955,0.580697337301
0.0574502174411,0.0875562676432,0,1478217474564,0.0767528801404,6,55,957,0.243610284581
0.0904554818036,0.136263065537,0,1478217474564,0.114915693904,7,55,959,0.33121232929
0.132051575494,0.203768978408,0,1478217474564,0.186999313344,8,55,962,0.555657282368
0.0851911192493,0.12317082475,0,1478217474564,0.119020370794,9,55,963,0.355168993668
0.101762417029,0.126161593042,0,1478217474564,0.10901045243,10,55,965,0.400717174029
0.159014267185,0.242343785763,0,1478217474564,0.229434653239,11,55,967,0.663263904784
0.0695201037613,0.0969405661097,0,1478217475099,0.084779125658,0,56,546,0.267780575265
0.121629663539,0.188937209125,0,1478217475151,0.166918440528,1,56,548,0.491813534752
0.0996261539635,0.143663691157,0,1478217475151,0.142275120165,2,56,550,0.434760051881
0.0454413672084,0.0636453803311,0,1478217475151,0.0541390096895,3,56,552,0.179736018921
0.122178988327,0.188281071183,0,1478217475151,0.163866636149,4,56,554,0.498359655146
0.141039139391,0.209964141299,0,1478217475151,0.195925841154,5,56,556,0.580758373388
0.0574502174411,0.0875410086213,0,1478217475151,0.0767528801404,6,56,558,0.243595025559
0.0904707408255,0.136247806516,0,1478217475151,0.114915693904,7,56,560,0.331181811246
0.132051575494,0.203768978408,0,1478217475151,0.186999313344,8,56,562,0.555626764324
0.0851758602274,0.123155565728,0,1478217475151,0.11898985275,9,56,564,0.355123216602
0.101747158007,0.126131074998,0,1478217475152,0.108995193408,10,56,566,0.400610360876
0.158983749142,0.242328526741,0,1478217475152,0.229419394217,11,56,568,0.663279163806
0.0695201037613,0.0969405661097,0,1478217475700,0.084779125658,0,57,147,0.267811093309
0.12164492256,0.188952468147,0,1478217475751,0.166979476616,1,57,149,0.491889829862
0.0996414129854,0.143663691157,0,1478217475751,0.142275120165,2,57,151,0.434729533837
0.0454261081865,0.0636453803311,0,1478217475751,0.0541390096895,3,57,153,0.179705500877
0.122163729305,0.188296330205,0,1478217475751,0.163866636149,4,57,155,0.498435950256
0.141023880369,0.209918364233,0,1478217475751,0.195880064088,5,57,157,0.580697337301
0.0574349584192,0.0875410086213,0,1478217475751,0.0767528801404,6,57,159,0.243579766537
0.0904707408255,0.136247806516,0,1478217475751,0.114900434882,7,57,160,0.331197070268
0.132051575494,0.203768978408,0,1478217475751,0.186999313344,8,57,163,0.555580987259
0.0851911192493,0.12317082475,0,1478217475751,0.119020370794,9,57,165,0.355199511711
0.101731898985,0.126115815976,0,1478217475751,0.108979934386,10,57,167,0.400473029679
0.158983749142,0.242298008698,0,1478217475751,0.229373617151,11,57,169,0.663340199893
0.0695201037613,0.0969405661097,0,1478217476301,0.084779125658,0,57,748,0.267811093309
0.12164492256,0.188906691081,0,1478217476365,0.166964217594,1,57,750,0.491859311818
0.0996414129854,0.143633173114,0,1478217476365,0.142275120165,2,57,752,0.434637979706
0.0454261081865,0.0636453803311,0,1478217476366,0.0541390096895,3,57,753,0.179690241855
0.122194247349,0.188311589227,0,1478217476366,0.163912413214,4,57,756,0.498435950256
0.141008621347,0.209918364233,0,1478217476366,0.195925841154,5,57,757,0.580727855344
0.0574502174411,0.0875410086213,0,1478217476366,0.0767528801404,6,57,759,0.243579766537
0.0904859998474,0.136247806516,0,1478217476366,0.11488517586,7,57,761,0.331181811246
0.13202105745,0.203707942321,0,1478217476366,0.186984054322,8,57,764,0.555580987259
0.0851911192493,0.12317082475,0,1478217476366,0.119020370794,9,57,766,0.355199511711
0.101701380941,0.126131074998,0,1478217476366,0.108979934386,10,57,767,0.400457770657
0.15896849012,0.242298008698,0,1478217476366,0.229404135195,11,57,769,0.663248645762
0.0695353627832,0.0969253070878,0,1478217476902,0.0847638666361,0,58,348,0.267750057221
0.121629663539,0.188876173037,0,1478217476953,0.166948958572,1,58,350,0.491783016709
0.0996566720073,0.143648432136,0,1478217476953,0.142275120165,2,58,352,0.434653238727
0.0454261081865,0.0636453803311,0,1478217476953,0.0541237506676,3,58,354,0.179705500877
0.122194247349,0.188326848249,0,1478217476953,0.163881895171,4,58,356,0.49839017319
0.140993362325,0.209918364233,0,1478217476953,0.19589532311,5,58,358,0.580697337301
0.0574196993973,0.0875257495995,0,1478217476953,0.0767376211185,6,58,360,0.243549248493
0.0904554818036,0.136232547494,0,1478217476954,0.11488517586,7,58,362,0.33113603418
0.132005798428,0.203738460365,0,1478217476954,0.186999313344,8,58,364,0.555626764324
0.0851911192493,0.123155565728,0,1478217476954,0.119035629816,9,58,366,0.355184252689
0.101701380941,0.126131074998,0,1478217476954,0.108979934386,10,58,368,0.400457770657
0.158983749142,0.242282749676,0,1478217476954,0.229419394217,11,58,370,0.663187609674
0.0695201037613,0.0969253070878,0,1478217477502,0.0847638666361,0,58,949,0.267780575265
0.12164492256,0.188891432059,0,1478217477562,0.166979476616,1,58,951,0.491844052796
0.0996261539635,0.143648432136,0,1478217477562,0.142290379187,2,58,953,0.434622720684
0.0454261081865,0.0636453803311,0,1478217477562,0.0541390096895,3,58,955,0.179720759899
0.122178988327,0.188265812161,0,1478217477562,0.163881895171,4,58,957,0.498329137102
0.140993362325,0.209933623255,0,1478217477562,0.19589532311,5,58,959,0.580666819257
0.0574349584192,0.0875410086213,0,1478217477563,0.0767376211185,6,58,961,0.243579766537
0.0904554818036,0.136232547494,0,1478217477563,0.114869916838,7,58,963,0.331090257115
0.132005798428,0.203753719387,0,1478217477563,0.186984054322,8,58,965,0.555611505303
0.0851911192493,0.123155565728,0,1478217477563,0.119020370794,9,58,967,0.35510795758
0.10168612192,0.126115815976,0,1478217477563,0.108979934386,10,58,969,0.400457770657
0.15896849012,0.242206454566,0,1478217477563,0.229388876173,11,58,971,0.663035019455
0.0695048447395,0.0969100480659,0,1478217478104,0.0847638666361,0,59,550,0.267719539178
0.121629663539,0.188921950103,0,1478217478168,0.166948958572,1,59,552,0.491813534752
0.0996261539635,0.143633173114,0,1478217478168,0.142259861143,2,59,554,0.43459220264
0.0454261081865,0.0636453803311,0,1478217478168,0.0541390096895,3,59,556,0.179690241855
0.122178988327,0.188281071183,0,1478217478168,0.163866636149,4,59,558,0.498405432212
0.140993362325,0.209918364233,0,1478217478169,0.195925841154,5,59,560,0.580651560235
0.0574349584192,0.0875257495995,0,1478217478169,0.0767528801404,6,59,562,0.243579766537
0.0904554818036,0.136247806516,0,1478217478169,0.11488517586,7,59,563,0.331090257115
0.13202105745,0.203768978408,0,1478217478169,0.186984054322,8,59,566,0.555580987259
0.0851758602274,0.123155565728,0,1478217478169,0.119020370794,9,59,568,0.355184252689
0.101701380941,0.126131074998,0,1478217478169,0.10901045243,10,59,570,0.400595101854
0.158983749142,0.242252231632,0,1478217478169,0.229419394217,11,59,572,0.663080796521
0.0695048447395,0.0969253070878,0,1478217478704,0.0847486076143,0,0,151,0.267780575265
0.121599145495,0.188891432059,0,1478217478756,0.16693369955,1,0,152,0.491706721599
0.0996108949416,0.143633173114,0,1478217478756,0.142275120165,2,0,154,0.434622720684
0.0454261081865,0.063660639353,0,1478217478756,0.0541390096895,3,0,156,0.179705500877
0.122148470283,0.188281071183,0,1478217478756,0.163851377127,4,0,158,0.498435950256
0.141008621347,0.209918364233,0,1478217478756,0.195910582132,5,0,160,0.580727855344
0.0574349584192,0.0875410086213,0,1478217478756,0.0767528801404,6,0,162,0.243564507515
0.0904554818036,0.136232547494,0,1478217478756,0.11488517586,7,0,164,0.33113603418
0.132036316472,0.203814755474,0,1478217478757,0.187014572366,8,0,166,0.555657282368
0.0851758602274,0.123155565728,0,1478217478757,0.119020370794,9,0,168,0.355138475624
0.101747158007,0.126161593042,0,1478217478757,0.109040970474,10,0,170,0.400701915007
0.158983749142,0.242267490654,0,1478217478757,0.229434653239,11,0,172,0.66315709163
0.0695201037613,0.0969100480659,0,1478217479304,0.0847638666361,0,0,751,0.267750057221
0.121629663539,0.188906691081,0,1478217479365,0.166948958572,1,0,753,0.491798275731
0.0996108949416,0.143617914092,0,1478217479365,0.142275120165,2,0,755,0.434561684596
0.0454413672084,0.0636453803311,0,1478217479369,0.0541084916457,3,0,757,0.179690241855
0.122163729305,0.188296330205,0,1478217479369,0.163851377127,4,0,759,0.498405432212
0.140993362325,0.209964141299,0,1478217479370,0.195910582132,5,0,761,0.580697337301
0.0574349584192,0.0875410086213,0,1478217479370,0.0767528801404,6,0,763,0.243595025559
0.0904554818036,0.136232547494,0,1478217479370,0.114869916838,7,0,765,0.331120775158
0.132036316472,0.203799496452,0,1478217479371,0.186999313344,8,0,767,0.555611505303
0.0851911192493,0.12317082475,0,1478217479371,0.119020370794,9,0,769,0.355168993668
0.101731898985,0.126161593042,0,1478217479371,0.109025711452,10,0,771,0.400717174029
0.158937972076,0.24223697261,0,1478217479371,0.229373617151,11,0,773,0.663111314565
0.0695048447395,0.0969100480659,0,1478217479905,0.0847638666361,0,1,352,0.267704280156
0.121675440604,0.188891432059,0,1478217479968,0.166903181506,1,1,354,0.491828793774
0.0996261539635,0.143633173114,0,1478217479968,0.142259861143,2,1,356,0.434561684596
0.0454261081865,0.0636453803311,0,1478217479968,0.0541237506676,3,1,358,0.179674982834
0.122163729305,0.188296330205,0,1478217479968,0.163866636149,4,1,360,0.498405432212
0.140993362325,0.209948882277,0,1478217479968,0.19589532311,5,1,362,0.580666819257
0.0574349584192,0.0875410086213,0,1478217479968,0.0767528801404,6,1,364,0.243579766537
0.0904554818036,0.136217288472,0,1478217479969,0.114869916838,7,1,366,0.331120775158
0.132051575494,0.203768978408,0,1478217479969,0.186984054322,8,1,368,0.555565728237
0.0851758602274,0.12317082475,0,1478217479969,0.119035629816,9,1,370,0.355168993668
0.101747158007,0.12614633402,0,1478217479969,0.109025711452,10,1,372,0.400625619898
0.15896849012,0.242252231632,0,1478217479969,0.229404135195,11,1,374,0.663172350652
0.0695201037613,0.0969100480659,0,1478217480506,0.0847638666361,0,1,953,0.267780575265
0.121660181582,0.188876173037,0,1478217480562,0.166887922484,1,1,955,0.491752498665
0.0996261539635,0.143617914092,0,1478217480563,0.142275120165,2,1,957,0.434576943618
0.0454413672084,0.0636453803311,0,1478217480563,0.0541237506676,3,1,958,0.179674982834
0.122194247349,0.188296330205,0,1478217480563,0.163866636149,4,1,960,0.498359655146
0.140978103304,0.209948882277,0,1478217480563,0.195880064088,5,1,962,0.580636301213
0.0574349584192,0.0875257495995,0,1478217480563,0.0767376211185,6,1,964,0.243549248493
0.0904402227817,0.136217288472,0,1478217480563,0.11488517586,7,1,966,0.331090257115
0.13202105745,0.203768978408,0,1478217480563,0.186999313344,8,1,968,0.555580987259
0.0851758602274,0.123155565728,0,1478217480563,0.119035629816,9,1,970,0.355138475624
0.101747158007,0.126192111086,0,1478217480563,0.109025711452,10,1,972,0.400671396963
0.15896849012,0.242221713588,0,1478217480563,0.229358358129,11,1,974,0.663141832609
0.0694895857176,0.0969100480659,0,1478217481106,0.0847333485924,0,2,553,0.267689021134
0.121629663539,0.188860914015,0,1478217481161,0.166918440528,1,2,555,0.491752498665
0.0996261539635,0.143617914092,0,1478217481161,0.142275120165,2,2,557,0.43459220264
0.0454413672084,0.0636453803311,0,1478217481161,0.0541390096895,3,2,559,0.179674982834
0.122209506371,0.188311589227,0,1478217481161,0.163866636149,4,2,561,0.498405432212
0.140978103304,0.209918364233,0,1478217481161,0.195880064088,5,2,563,0.580666819257
0.0574349584192,0.0875257495995,0,1478217481161,0.0767223620966,6,2,565,0.243549248493
0.0904402227817,0.136217288472,0,1478217481161,0.11488517586,7,2,567,0.331090257115
0.13202105745,0.203768978408,0,1478217481161,0.186984054322,8,2,569,0.555550469215
0.0851911192493,0.123155565728,0,1478217481161,0.119020370794,9,2,571,0.355092698558
0.101731898985,0.126161593042,0,1478217481162,0.109025711452,10,2,573,0.40064087892
0.158953231098,0.242206454566,0,1478217481162,0.229373617151,11,2,575,0.66298924239
0.0692301823453,0.096604867628,0,1478217481707,0.0845349813077,0,3,154,0.266834515908
0.12147707332,0.188662546731,0,1478217481757,0.166811627375,1,3,156,0.491172655833
0.0995803768978,0.143556878004,0,1478217481757,0.142244602121,2,3,158,0.434348058289
0.0453345540551,0.0635080491341,0,1478217481757,0.05406271458,3,3,160,0.179369802396
0.122178988327,0.18825055314,0,1478217481757,0.163820859083,4,3,162,0.498283360037
0.140810254063,0.209658960861,0,1478217481758,0.195742732891,5,3,164,0.580025940337
0.0572976272221,0.0873579003586,0,1478217481758,0.0766155489433,6,3,166,0.243060959792
0.0903181506065,0.136049439231,0,1478217481758,0.114747844663,7,3,168,0.330678263523
0.131853208209,0.203570611124,0,1478217481758,0.186831464103,8,3,170,0.555001144427
0.0850995651179,0.123033493553,0,1478217481758,0.118944075685,9,3,172,0.354772259098
0.101823453117,0.126298924239,0,1478217481758,0.109163042649,10,3,174,0.401419089036
0.158846417945,0.242053864347,0,1478217481758,0.22928206302,11,3,176,0.66259250782
0.0687876707103,0.0960555428397,0,1478217482308,0.0841687647822,0,3,755,0.26524757763
0.120286869612,0.187228198672,0,1478217482367,0.165697718776,1,3,757,0.486259250782
0.0991378652628,0.143099107347,0,1478217482367,0.141878385595,2,3,759,0.432990005341
0.0448004882887,0.0628213931487,0,1478217482368,0.0536964980545,3,3,760,0.177752346075
0.121950102998,0.187914854658,0,1478217482368,0.163607232776,4,3,762,0.497535667964
0.140184634165,0.208728160525,0,1478217482368,0.195101853971,5,3,764,0.577843900206
0.0568093385214,0.0867170214389,0,1478217482368,0.0761120012207,6,3,766,0.240955214771
0.0898451209277,0.135362783246,0,1478217482368,0.114351110094,7,3,768,0.32912184329
0.131578545815,0.203128099489,0,1478217482368,0.186541542687,8,3,770,0.554039826047
0.0849622339208,0.122880903334,0,1478217482368,0.11882200351,9,3,772,0.354314488441
0.0997177080949,0.124177920195,0,1478217482368,0.107835507744,10,3,774,0.394033722438
0.15840390631,0.241382467384,0,1478217482368,0.228824292363,11,3,776,0.661081864652
0.068833447776,0.0960555428397,0,1478217482908,0.0841535057603,0,4,355,0.265537499046
0.117814908064,0.184405279622,0,1478217482960,0.163546196689,1,4,357,0.476249332418
0.0986343175402,0.142412451362,0,1478217482960,0.141344319829,2,4,359,0.43129625391
0.044464789807,0.0623941405356,0,1478217482960,0.0534065766384,3,4,361,0.176531624323
0.121751735714,0.187594415198,0,1478217482960,0.163439383536,4,4,363,0.496833752956
0.139375906004,0.207568474861,0,1478217482960,0.194338902876,5,4,365,0.57514305333
0.0566109712367,0.0863660639353,0,1478217482960,0.0758831158923,6,4,367,0.240390630961
0.0896467536431,0.135057602808,0,1478217482961,0.114168001831,7,4,369,0.32848096437
0.131334401465,0.202716105898,0,1478217482961,0.186266880293,8,4,371,0.55309376669
0.0849469748989,0.122819867247,0,1478217482961,0.118776226444,9,4,373,0.354177157244
0.0978103303578,0.122621499962,0,1478217482961,0.10627908751,10,4,375,0.385992217899
0.157885099565,0.240619516289,0,1478217482961,0.22832074464,11,4,377,0.659342336156
0.0688944838636,0.0961013199054,0,1478217483509,0.084046692607,0,4,956,0.265476462959
0.1161669337,0.182314793622,0,1478217483566,0.161806668193,1,4,958,0.46967269398
0.0982986190585,0.141924162661,0,1478217483566,0.140917067216,2,4,960,0.429633020523
0.0445410849165,0.0623636224918,0,1478217483566,0.0533607995727,3,4,962,0.176531624323
0.121538109407,0.187273975738,0,1478217483566,0.163179980163,4,4,964,0.49605554284
0.138185702296,0.205615320058,0,1478217483566,0.192706187533,5,4,966,0.570366979477
0.0565957122148,0.0861524376287,0,1478217483566,0.0757152666514,6,4,968,0.240115968566
0.0898298619059,0.135301747158,0,1478217483566,0.114122224765,7,4,970,0.328664072633
0.130739299611,0.201724269474,0,1478217483566,0.185473411154,8,4,972,0.550759136339
0.084931715877,0.122743572137,0,1478217483566,0.118684672313,9,4,974,0.353963530938
0.0937361715114,0.11400015259,0,1478217483566,0.0986953536278,10,4,976,0.367345693141
0.15719844358,0.239459830625,0,1478217483567,0.227466239414,11,4,978,0.656656748302
0.0684214541848,0.0953994048981,0,1478217484110,0.0833295185779,0,5,557,0.263340199893
0.113801785306,0.178896772717,0,1478217484164,0.158480201419,1,5,559,0.458274204623
0.0978561074235,0.14126802472,0,1478217484164,0.140032043946,2,5,561,0.427008468757
0.0450598916609,0.0628366521706,0,1478217484164,0.0534981307698,3,5,563,0.177111467155
0.120958266575,0.186068513008,0,1478217484164,0.162218661784,4,5,565,0.493415732052
0.134447241932,0.199862668803,0,1478217484164,0.187869077592,5,5,566,0.556038757916
0.0558022430762,0.0849469748989,0,1478217484164,0.0745860990311,6,5,568,0.23636224918
0.0879987792782,0.132738231479,0,1478217484164,0.111940184634,7,5,570,0.321110856794
0.129701686122,0.200091554131,0,1478217484164,0.183718623636,8,5,573,0.545815213245
0.0846570534829,0.122270542458,0,1478217484164,0.118211642634,9,5,575,0.352681773098
0.0912947280079,0.106324864576,0,1478217484164,0.0903791866941,10,5,577,0.349691004807
0.155794613565,0.23717097734,0,1478217484164,0.225436789502,11,5,578,0.651102464332
0.0671396963455,0.0931715877012,0,1478217484710,0.0815442130159,0,6,157,0.258136873426
0.10016021973,0.16066224155,0,1478217484770,0.138002594034,1,6,159,0.387899595636
0.0961165789273,0.138887617304,0,1478217484770,0.137361715114,2,6,161,0.418539711604
0.0471046005951,0.0662851911192,0,1478217484770,0.0548256656748,3,6,163,0.181445029374
0.120347905699,0.185320820935,0,1478217484770,0.160997940032,4,6,165,0.490363927672
0.107316700999,0.157976653696,0,1478217484770,0.150270847639,5,6,167,0.446066987106
0.054795147631,0.0831158922713,0,1478217484770,0.0732280460822,6,6,169,0.232410162509
0.0839093614099,0.125413900969,0,1478217484770,0.10458533608,7,6,171,0.302479591058
0.124330510414,0.190234225986,0,1478217484770,0.176607919432,8,6,173,0.524757763027
0.0841229877165,0.121339742123,0,1478217484770,0.117265583276,9,6,175,0.350179293507
0.0928053711757,0.109529259174,0,1478217484770,0.0931105516136,10,6,177,0.341771572442
0.150499732967,0.228183413443,0,1478217484770,0.217868314641,11,6,179,0.630762188144
0.0659647516594,0.0895551995117,0,1478217485311,0.0787212939651,0,6,758,0.253559166857
0.0833905546654,0.129503318837,0,1478217485367,0.111039902342,1,6,760,0.328725108721
0.0930800335698,0.134920271611,0,1478217485367,0.133714808881,2,6,762,0.405661097124
0.0546272983902,0.0758831158923,0,1478217485367,0.0615243762875,3,6,764,0.198718242161
0.117814908064,0.181246662089,0,1478217485367,0.15744258793,4,6,766,0.480949111162
0.0983443961242,0.14972152285,0,1478217485367,0.131593804837,5,6,768,0.383123521782
0.0533455405509,0.0794537270161,0,1478217485367,0.0699320973526,6,6,770,0.2218814374
0.0834973678187,0.112901503014,0,1478217485367,0.0919050888838,7,6,772,0.298741130694
0.0976577401389,0.135423819333,0,1478217485367,0.132921339742,8,6,774,0.422964827955
0.0837109941253,0.120164797436,0,1478217485367,0.115785458152,9,6,776,0.346730754559
0.0997177080949,0.119050888838,0,1478217485367,0.102403295949,10,6,778,0.385168230716
0.120332646677,0.17546349279,0,1478217485367,0.172686350805,11,6,780,0.51021591516
0.0712901503014,0.093354695964,0,1478217485912,0.0805676356146,0,7,359,0.269596398871
0.0821850919356,0.12164492256,0,1478217485971,0.103181506065,1,7,361,0.322590981918
0.092317082475,0.133180743114,0,1478217485971,0.13170061799,2,7,363,0.399786373693
0.063370717937,0.0826886396582,0,1478217485971,0.0679179064622,3,7,365,0.227298390173
0.1119859617,0.170366979477,0,1478217485971,0.150347142748,4,7,367,0.459983215076
0.115754940108,0.173266193637,0,1478217485971,0.155199511711,5,7,369,0.455710688945
0.0562447547112,0.0768444342718,0,1478217485971,0.0667277027543,6,7,370,0.220523384451
0.0782024872206,0.107499809262,0,1478217485971,0.0946364538033,7,7,372,0.288929579614
0.0728770885786,0.101091020066,0,1478217485971,0.091432059205,8,7,375,0.307454032197
0.0808270389868,0.114579995422,0,1478217485971,0.110002288853,9,7,377,0.329167620356
0.101258869306,0.125352864881,0,1478217485971,0.108308537423,10,7,379,0.397283894102
0.0770885786221,0.105516136416,0,1478217485971,0.101991302358,11,7,381,0.323201342794
0.0728007934691,0.0955977721828,0,1478217486513,0.0812085145342,0,7,960,0.273472190433
0.0821545738918,0.12019531548,0,1478217486565,0.0968032349126,1,7,962,0.307133592737
0.0931563286793,0.13379110399,0,1478217486565,0.131593804837,2,7,964,0.401647974365
0.0663920042725,0.0844586861982,0,1478217486565,0.0691081101701,3,7,966,0.241580834668
0.110093842985,0.166475928893,0,1478217486565,0.14795147631,4,7,967,0.452719920653
0.11761654078,0.175097276265,0,1478217486570,0.157595178149,5,7,969,0.468055237659
0.0554665445945,0.076661326009,0,1478217486570,0.0659800106813,6,7,971,0.218677042802
0.0798657206073,0.112916762036,0,1478217486571,0.0987869077592,7,7,973,0.297993438621
0.0749980926223,0.108705271992,0,1478217486571,0.0972610055695,8,7,976,0.324269474327
0.0815747310597,0.115465018692,0,1478217486571,0.111009384298,9,7,977,0.334142061494
0.103761348898,0.128389410239,0,1478217486571,0.110048065919,10,7,979,0.40538643473
0.097047379263,0.134920271611,0,1478217486571,0.13354695964,11,7,981,0.412893873503
0.072373540856,0.0950026703288,0,1478217487113,0.0806744487678,0,8,560,0.270984969863
0.0819104295415,0.118333714809,0,1478217487164,0.095567254139,1,8,562,0.303608758679
0.0934767681392,0.134416723888,0,1478217487164,0.132265201801,2,8,564,0.403631647211
0.0665293354696,0.0851758602274,0,1478217487164,0.0693217364767,3,8,566,0.240161745632
0.110170138094,0.166674296178,0,1478217487165,0.148119325551,4,8,568,0.453147173266
0.11439688716,0.170702677958,0,1478217487165,0.153002212558,5,8,570,0.452002746624
0.0543068589303,0.0767833981842,0,1478217487165,0.0660410467689,6,8,572,0.216922255283
0.0798657206073,0.112916762036,0,1478217487165,0.0987869077592,7,8,574,0.297993438621
0.0767681391623,0.108155947204,0,1478217487165,0.0994583047227,8,8,576,0.336491950866
0.0820630197604,0.116594186313,0,1478217487165,0.112214847028,9,8,578,0.337743190661
0.103959716182,0.128450446326,0,1478217487165,0.110002288853,10,8,580,0.405523765927
0.114213778897,0.159075303273,0,1478217487165,0.154024567025,11,8,582,0.475974670024
0.0683451590753,0.0913252460517,0,1478217487714,0.0790569924468,0,9,161,0.259632257572
0.0798962386511,0.113908598459,0,1478217487776,0.0929579613947,1,9,163,0.300816357671
0.0934920271611,0.135271229114,0,1478217487777,0.133714808881,2,9,165,0.406775005722
0.0653849088273,0.0852979324025,0,1478217487777,0.0674143587396,3,9,167,0.225299458305
0.112977798123,0.171953917754,0,1478217487777,0.1515678645,4,9,169,0.463599603265
0.11439688716,0.170702677958,0,1478217487777,0.153002212558,5,9,171,0.452002746624
0.0543373769741,0.080201419089,0,1478217487777,0.0697337300679,6,9,173,0.2244602121
0.078873884184,0.108796826123,0,1478217487777,0.0945143816281,7,9,175,0.289387350271
0.107347219043,0.154238193332,0,1478217487777,0.149004348821,8,9,177,0.45905241474
0.0835431448844,0.119859616999,0,1478217487777,0.11544975967,9,9,179,0.345662623026
0.10193026627,0.124834058137,0,1478217487777,0.107408255131,10,9,181,0.396581979095
0.1427176318,0.213855191882,0,1478217487777,0.205920500496,11,9,183,0.599053940642
0.0676279850462,0.0937361715114,0,1478217488314,0.0819714656291,0,9,762,0.259754329747
0.0916304264897,0.14006256199,0,1478217488378,0.121126115816,1,9,764,0.359136339361
0.0948805981537,0.137254901961,0,1478217488378,0.135698481727,2,9,766,0.413229571984
0.057022964828,0.0782940413519,0,1478217488378,0.062333104448,3,9,767,0.203692683299
0.120378423743,0.185351338979,0,1478217488378,0.161028458076,4,9,769,0.490531776913
0.102586404211,0.150698100252,0,1478217488378,0.145159075303,5,9,771,0.428229190509
0.0549629968719,0.0831769283589,0,1478217488378,0.0729533836881,6,9,773,0.231952391852
0.0834058136873,0.118318455787,0,1478217488378,0.0979171435111,7,9,775,0.300907911803
0.128953994049,0.198672465095,0,1478217488378,0.182528419928,8,9,778,0.542565041581
0.0840772106508,0.121171892882,0,1478217488378,0.117097734035,9,9,779,0.34979781796
0.0970931563287,0.11190966659,0,1478217488378,0.0934767681392,10,9,781,0.353078507668
0.1427176318,0.213855191882,0,1478217488378,0.205920500496,11,9,783,0.599053940642
0.0688944838636,0.096009765774,0,1478217488915,0.0837872892348,0,10,362,0.26500343328
0.112199588006,0.175249866484,0,1478217488978,0.155260547799,1,10,364,0.454047455558
0.0978255893797,0.141176470588,0,1478217488979,0.139848935683,2,10,366,0.426489662013
0.0472571908141,0.0662394140536,0,1478217488979,0.0546272983902,3,10,368,0.181322957198
0.121126115816,0.186327916381,0,1478217488979,0.162355992981,4,10,370,0.494026092927
0.127794308385,0.188235294118,0,1478217488979,0.179751277943,5,10,372,0.531319142443
0.0560311284047,0.0852826733806,0,1478217488979,0.0747692072938,6,10,374,0.237109941253
0.0877546349279,0.132219424735,0,1478217488979,0.111360341802,7,10,376,0.319584954604
0.130632486458,0.201510643168,0,1478217488979,0.185107194629,8,10,378,0.549858854047
0.0847943846799,0.122438391699,0,1478217488979,0.118318455787,9,10,380,0.353139543755
0.0944228274968,0.110917830167,0,1478217488979,0.0947737850004,10,10,382,0.363729304952
0.155489433127,0.23636224918,0,1478217488979,0.224399176013,11,10,384,0.648844129091
0.0689402609293,0.0961470969711,0,1478217489516,0.0841382467384,0,10,963,0.265751125353
0.116029602502,0.181918059052,0,1478217489580,0.161470969711,1,10,965,0.469794766155
0.0982528419928,0.141863126574,0,1478217489580,0.140840772107,2,10,967,0.429465171283
0.0451209277485,0.0628976882582,0,1478217489580,0.0535286488136,3,10,969,0.177538719768
0.121583886473,0.187380788891,0,1478217489580,0.163256275273,4,10,971,0.496284428168
0.137804226749,0.204974441138,0,1478217489580,0.192019531548,5,10,973,0.568429083696
0.0566262302586,0.0862439917601,0,1478217489580,0.0758220798047,6,10,975,0.240390630961
0.089951934081,0.135439078355,0,1478217489580,0.114122224765,7,10,977,0.328862439918
0.131227588312,0.202517738613,0,1478217489580,0.186114290074,8,10,979,0.552574959945
0.0849622339208,0.122758831159,0,1478217489580,0.118699931334,9,10,981,0.354070344091
0.0959182116426,0.117906462196,0,1478217489580,0.102082856489,10,10,983,0.377981231403
0.157000076295,0.239154650187,0,1478217489580,0.227084763867,11,10,985,0.655725947967
0.0688181887541,0.0960250247959,0,1478217490117,0.0841840238041,0,11,564,0.265552758068
0.117021438926,0.183474479286,0,1478217490168,0.162767986572,1,11,566,0.472892347601
0.0986953536278,0.142473487449,0,1478217490168,0.141390096895,2,11,568,0.431525139239
0.0445563439384,0.0624399176013,0,1478217490168,0.0534065766384,3,11,570,0.176638437476
0.121782253758,0.187685969329,0,1478217490168,0.163469901579,4,11,571,0.497016861219
0.139269092851,0.207354848554,0,1478217490168,0.194171053635,5,11,573,0.57457846952
0.0566720073243,0.0865186541543,0,1478217490168,0.0759746700237,6,11,575,0.240558480201
0.0897230487526,0.135133897917,0,1478217490168,0.114213778897,7,11,577,0.328679331655
0.131548027771,0.203051804379,0,1478217490168,0.186526283665,8,11,580,0.553841458762
0.0849622339208,0.122804608225,0,1478217490168,0.118760967422,9,11,582,0.3541466392
0.0985885404746,0.123064011597,0,1478217490168,0.106782635233,10,11,584,0.389425497826
0.157747768368,0.240390630961,0,1478217490168,0.228122377356,11,11,586,0.658762493324
0.0690623331044,0.0963759822995,0,1478217490717,0.0843976501106,0,12,164,0.266330968185
0.119645990692,0.186541542687,0,1478217490770,0.165178912032,1,12,166,0.483802548257
0.0991989013504,0.143175402457,0,1478217490771,0.141924162661,2,12,168,0.433371480888
0.0446631570916,0.0626688029297,0,1478217490771,0.0535591668574,3,12,170,0.177248798352
0.121995880064,0.187991149767,0,1478217490771,0.163653009842,4,12,172,0.497703517205
0.140138857099,0.208682383459,0,1478217490771,0.195056076905,5,12,174,0.577691309987
0.0571297779812,0.0871290150301,0,1478217490771,0.0764019226368,6,12,176,0.242175936522
0.0898451209277,0.135347524224,0,1478217490771,0.114351110094,7,12,178,0.329182879377
0.131853208209,0.203524834058,0,1478217490771,0.186816205081,8,12,180,0.554879072251
0.0849927519646,0.122880903334,0,1478217490771,0.11882200351,9,12,182,0.354360265507
0.101823453117,0.126451514458,0,1478217490771,0.109224078737,10,12,184,0.401815823606
0.158342870222,0.241306172274,0,1478217490771,0.228747997253,11,12,186,0.660883497368
0.0695048447395,0.096894789044,0,1478217491318,0.0847486076143,0,12,765,0.267734798199
0.121324483101,0.188525215534,0,1478217491382,0.166659037156,1,12,767,0.490608072023
0.0995651178759,0.143678950179,0,1478217491382,0.142259861143,2,12,769,0.434653238727
0.0452582589456,0.0634470130465,0,1478217491382,0.0539711604486,3,12,771,0.17907988098
0.122133211261,0.188235294118,0,1478217491382,0.163805600061,4,12,773,0.498268101015
0.140825513085,0.209689478904,0,1478217491382,0.195727473869,5,12,775,0.579980163272
0.0574349584192,0.0875410086213,0,1478217491382,0.0767376211185,6,12,777,0.243457694362
0.0904554818036,0.136232547494,0,1478217491383,0.114900434882,7,12,779,0.331090257115
0.132051575494,0.20378423743,0,1478217491383,0.186999313344,8,12,781,0.555642023346
0.0851300831617,0.123064011597,0,1478217491383,0.118944075685,9,12,783,0.354894331273
0.103135729,0.128191042954,0,1478217491383,0.110261692226,10,12,785,0.405935759518
0.158800640879,0.242038605325,0,1478217491383,0.22920576791,11,12,787,0.662561989776
0.0696879530022,0.0971389333944,0,1478217491919,0.084931715877,0,13,366,0.268406195163
0.121828030823,0.18913557641,0,1478217491970,0.167162584878,1,13,368,0.492591744869
0.0997940032044,0.14392309453,0,1478217491970,0.142458228428,2,13,370,0.435446707866
0.0454718852522,0.0637216754406,0,1478217491970,0.0541237506676,3,13,372,0.179720759899
0.122255283436,0.188387884337,0,1478217491970,0.163897154192,4,13,374,0.498649576562
0.141084916457,0.210070954452,0,1478217491970,0.195971618219,5,13,376,0.580941481651
0.0575570305943,0.0877088578622,0,1478217491970,0.0768444342718,6,13,377,0.243915465019
0.0909742885481,0.136903944457,0,1478217491970,0.115373464561,7,13,379,0.332951857786
0.132143129625,0.203967345693,0,1478217491970,0.187121385519,8,13,382,0.556069275959
0.0852063782712,0.123201342794,0,1478217491970,0.119020370794,9,13,384,0.355168993668
0.103715571832,0.129015030137,0,1478217491970,0.110841535058,10,13,386,0.408163576715
0.159029526207,0.242374303807,0,1478217491970,0.229480430304,11,13,388,0.663462272068
0.0697947661555,0.0972762645914,0,1478217492519,0.0850537880522,0,13,966,0.268726634623
0.122209506371,0.189654383154,0,1478217492578,0.167559319448,1,13,968,0.494056610971
0.0999465934234,0.144090943771,0,1478217492578,0.142580300603,2,13,970,0.435934996567
0.0455786984054,0.0638284885939,0,1478217492578,0.0541847867552,3,13,972,0.180010681315
0.12228580148,0.18849469749,0,1478217492578,0.16395819028,4,13,974,0.498817425803
0.141222247654,0.21029983978,0,1478217492578,0.196185244526,5,13,976,0.581551842527
0.0576180666819,0.0878004119936,0,1478217492578,0.0769054703593,6,13,978,0.2442511635
0.0911879148547,0.137193865873,0,1478217492578,0.115571831846,7,13,980,0.333653772793
0.132219424735,0.204043640803,0,1478217492578,0.187228198672,8,13,982,0.556328679332
0.0852674143587,0.123262378882,0,1478217492578,0.119096665904,9,13,984,0.355336842908
0.103959716182,0.129350728618,0,1478217492578,0.111085679408,10,13,986,0.40917067216
0.159151598383,0.242572671092,0,1478217492578,0.22960250248,11,13,988,0.663935301747
0.0698252841993,0.0973067826352,0,1478217493120,0.0850537880522,0,14,567,0.268772411688
0.122270542458,0.189761196307,0,1478217493179,0.167650873579,1,14,569,0.494331273365
0.0999923704891,0.144213015946,0,1478217493179,0.142656595712,2,14,571,0.436118104829
0.0456549935149,0.0639200427253,0,1478217493180,0.0542610818647,3,14,573,0.180315861753
0.122316319524,0.18849469749,0,1478217493180,0.163973449302,4,14,575,0.498786907759
0.14126802472,0.210345616846,0,1478217493180,0.19621576257,5,14,577,0.581704432746
0.0576638437476,0.0878461890593,0,1478217493180,0.0769359884031,6,14,579,0.244434271763
0.0912336919203,0.137239642939,0,1478217493180,0.115602349889,7,14,581,0.333760585946
0.132219424735,0.204058899825,0,1478217493180,0.187182421607,8,14,583,0.556298161288
0.0852826733806,0.123292896925,0,1478217493180,0.119096665904,9,14,585,0.355458915084
0.104036011292,0.129457541772,0,1478217493180,0.111146715496,10,14,587,0.409460593576
0.15921263447,0.242679484245,0,1478217493181,0.229663538567,11,14,589,0.664026855879
0.0697947661555,0.0972915236133,0,1478217493721,0.0850537880522,0,15,168,0.26878767071
0.122255283436,0.189745937285,0,1478217493771,0.167620355535,1,15,170,0.494331273365
0.100007629511,0.144197756924,0,1478217493771,0.142656595712,2,15,172,0.436087586786
0.0456702525368,0.0639505607691,0,1478217493771,0.0542915999084,3,15,174,0.180392156863
0.122301060502,0.18849469749,0,1478217493771,0.163973449302,4,15,176,0.498817425803
0.141283283742,0.210345616846,0,1478217493772,0.19621576257,5,15,178,0.581750209812
0.0576485847257,0.0878461890593,0,1478217493772,0.0769359884031,6,15,179,0.244403753719
0.0912184328985,0.137254901961,0,1478217493772,0.115602349889,7,15,181,0.33379110399
0.132219424735,0.204058899825,0,1478217493772,0.187197680629,8,15,184,0.556374456397
0.0852826733806,0.123292896925,0,1478217493772,0.119081406882,9,15,186,0.355458915084
0.104036011292,0.129457541772,0,1478217493772,0.111146715496,10,15,188,0.409460593576
0.159227893492,0.242664225223,0,1478217493772,0.229663538567,11,15,190,0.664011596857
